SET search_path = "e-hotels";

-- 5 hotel chains
-- EACH with at least 8 hotels (some of 3, 4, and 5 star)
-- At least two of them should be in the same area (city, different address)
-- EACH with at least 5 rooms of different capacity.

-- Wyndham
-- Marriott
-- Hilton
-- Best Western
-- Choice

INSERT INTO customer VALUES ('Matt', 'Ben', 'White', '100100100', '1 Street', 'Ottawa', 'Ontario', 'Canada', 'K1E 5G3');
INSERT INTO customer VALUES ('Matt', 'Ren', 'Black', '100100101', '2 Street', 'Ottawa', 'Ontario', 'Canada', 'K1E 5G3');
INSERT INTO customer VALUES ('Matt', NULL, 'Black', '100100102', '2 Street', 'Ottawa', 'Ontario', 'Canada', 'K1E 5G3');
INSERT INTO registration VALUES ('Marriott', '100100101', CURRENT_DATE);
INSERT INTO registration VALUES ('Wyndham', '100100101', CURRENT_DATE);
INSERT INTO registration VALUES ('Wyndham', '100100100', CURRENT_DATE);
INSERT INTO chain VALUES ('Wyndham', 8);
INSERT INTO chain_office_addresses VALUES ('Wyndham', '1 Headquarters Drive', 'New York City', 'New York', 'United States', '123456');
INSERT INTO chain_phone_numbers VALUES ('Wyndham', '3142342345');
INSERT INTO chain_email_addresses VALUES ('Wyndham', 'chain@wyndham.com');
	INSERT INTO hotel VALUES ('Wyndham', '0000000001', '4 Feign Lane', 'Toronto', 'Ontario', 'Canada', 'K1D4P2', 5, 3, 'hotel1@wyndham.com', NULL);
	INSERT INTO hotel_phone_numbers VALUES ('Wyndham', '0000000001', '6112343456');
	INSERT INTO hotel_phone_numbers VALUES ('Wyndham', '0000000001', '6116666666');
		INSERT INTO room VALUES ('Wyndham', '0000000001', 301, 3, 56.99, 2, FALSE, 'Sea');
			INSERT INTO room_amenities VALUES ('Wyndham', '0000000001', 301, 3, 'TV');
			INSERT INTO room_amenities VALUES ('Wyndham', '0000000001', 301, 3, 'Air Conditioning');
		INSERT INTO room VALUES ('Wyndham', '0000000001', 302, 3, 62.99, 3, FALSE, 'Sea');
			INSERT INTO room_amenities VALUES ('Wyndham', '0000000001', 302, 3, 'TV');
		INSERT INTO room VALUES ('Wyndham', '0000000001', 303, 3, 78.99, 5, FALSE, 'Sea');
			INSERT INTO room_problems_damages VALUES ('Wyndham', '0000000001', 303, 3, 'Roaches');
		INSERT INTO room VALUES ('Wyndham', '0000000001', 304, 3, 84.99, 7, FALSE, 'Sea');
		INSERT INTO room VALUES ('Wyndham', '0000000001', 305, 3, 99.99, 10, FALSE, 'Sea');
	INSERT INTO hotel VALUES ('Wyndham', '0000000002', '435 Baker Avenue', 'Toronto', 'Ontario', 'Canada', 'L1D4Q2', 5, 3, 'hotel2@wyndham.com', NULL);
	INSERT INTO hotel_phone_numbers VALUES ('Wyndham', '0000000002', '6182343456');
		INSERT INTO room VALUES ('Wyndham', '0000000002', 401, 4, 56.99, 2, FALSE, 'Sea');
			INSERT INTO room_amenities VALUES ('Wyndham', '0000000002', 401, 4, 'TV');
			INSERT INTO room_amenities VALUES ('Wyndham', '0000000002', 401, 4, 'Air Conditioning');
		INSERT INTO room VALUES ('Wyndham', '0000000002', 402, 4, 62.99, 3, FALSE, 'Sea');
			INSERT INTO room_amenities VALUES ('Wyndham', '0000000002', 402, 4, 'TV');
		INSERT INTO room VALUES ('Wyndham', '0000000002', 403, 4, 78.99, 5, FALSE, 'Sea');
			INSERT INTO room_problems_damages VALUES ('Wyndham', '0000000002', 403, 4, 'Roaches');
		INSERT INTO room VALUES ('Wyndham', '0000000002', 404, 4, 84.99, 7, FALSE, 'Sea');
		INSERT INTO room VALUES ('Wyndham', '0000000002', 405, 4, 99.99, 10, FALSE, 'Sea');
	INSERT INTO hotel VALUES ('Wyndham', '0000000003', '8 Lawler Street', 'Providence', 'Rhode Island', 'United States', '8927458', 5, 3, 'hotel3@wyndham.com', NULL);
	INSERT INTO hotel_phone_numbers VALUES ('Wyndham', '0000000003', '1532343456');
		INSERT INTO room VALUES ('Wyndham', '0000000003', 201, 2, 56.99, 2, FALSE, 'Mountain');
			INSERT INTO room_amenities VALUES ('Wyndham', '0000000003', 201, 2, 'TV');
			INSERT INTO room_amenities VALUES ('Wyndham', '0000000003', 201, 2, 'Air Conditioning');
		INSERT INTO room VALUES ('Wyndham', '0000000003', 202, 2, 62.99, 3, FALSE, 'Mountain');
			INSERT INTO room_amenities VALUES ('Wyndham', '0000000003', 202, 2, 'TV');
		INSERT INTO room VALUES ('Wyndham', '0000000003', 203, 2, 78.99, 5, FALSE, 'Mountain');
			INSERT INTO room_problems_damages VALUES ('Wyndham', '0000000003', 203, 2, 'Roaches');
		INSERT INTO room VALUES ('Wyndham', '0000000003', 204, 2, 84.99, 7, FALSE, 'Mountain');
		INSERT INTO room VALUES ('Wyndham', '0000000003', 205, 2, 99.99, 10, FALSE, 'Mountain');
	INSERT INTO hotel VALUES ('Wyndham', '0000000004', '4 Privet Drive', 'Chicago', 'Illinois', 'United States', '8390127', 5, 4, 'hotel4@wyndham.com', NULL);
	INSERT INTO hotel_phone_numbers VALUES ('Wyndham', '0000000004', '1532343456');
		INSERT INTO room VALUES ('Wyndham', '0000000004', 201, 2, 56.99, 2, FALSE, 'Sea');
			INSERT INTO room_amenities VALUES ('Wyndham', '0000000004', 201, 2, 'TV');
			INSERT INTO room_amenities VALUES ('Wyndham', '0000000004', 201, 2, 'Air Conditioning');
		INSERT INTO room VALUES ('Wyndham', '0000000004', 202, 2, 62.99, 3, FALSE, 'Sea');
			INSERT INTO room_amenities VALUES ('Wyndham', '0000000004', 202, 2, 'TV');
		INSERT INTO room VALUES ('Wyndham', '0000000004', 203, 2, 78.99, 5, FALSE, 'Sea');
			INSERT INTO room_problems_damages VALUES ('Wyndham', '0000000004', 203, 2, 'Roaches');
		INSERT INTO room VALUES ('Wyndham', '0000000004', 204, 2, 84.99, 7, FALSE, 'Sea');
		INSERT INTO room VALUES ('Wyndham', '0000000004', 205, 2, 99.99, 10, FALSE, 'Sea');
	INSERT INTO hotel VALUES ('Wyndham', '0000000005', '8 Price Boulevard', 'Los Angeles', 'California', 'United States', '1234164', 5, 5, 'hotel5@wyndham.com', NULL);
	INSERT INTO hotel_phone_numbers VALUES ('Wyndham', '0000000005', '7268578127');
		INSERT INTO room VALUES ('Wyndham', '0000000005', 101, 1, 56.99, 2, TRUE, 'Sea');
			INSERT INTO room_amenities VALUES ('Wyndham', '0000000005', 101, 1, 'TV');
			INSERT INTO room_amenities VALUES ('Wyndham', '0000000005', 101, 1, 'Air Conditioning');
		INSERT INTO room VALUES ('Wyndham', '0000000005', 102, 1, 62.99, 3, FALSE, 'Sea');
			INSERT INTO room_amenities VALUES ('Wyndham', '0000000005', 102, 1, 'TV');
		INSERT INTO room VALUES ('Wyndham', '0000000005', 103, 1, 78.99, 5, TRUE, 'Sea');
			INSERT INTO room_problems_damages VALUES ('Wyndham', '0000000005', 103, 1, 'Roaches');
		INSERT INTO room VALUES ('Wyndham', '0000000005', 104, 1, 84.99, 7, FALSE, 'Sea');
		INSERT INTO room VALUES ('Wyndham', '0000000005', 105, 1, 99.99, 10, TRUE, 'Sea');
	INSERT INTO hotel VALUES ('Wyndham', '0000000006', '60 Cash Way', 'Sacramento', 'California', 'United States', '1238979', 5, 5, 'hotel6@wyndham.com', NULL);
	INSERT INTO hotel_phone_numbers VALUES ('Wyndham', '0000000006', '7268538227');
		INSERT INTO room VALUES ('Wyndham', '0000000006', 101, 1, 56.99, 2, TRUE, 'Sea');
			INSERT INTO room_amenities VALUES ('Wyndham', '0000000006', 101, 1, 'TV');
			INSERT INTO room_amenities VALUES ('Wyndham', '0000000006', 101, 1, 'Air Conditioning');
		INSERT INTO room VALUES ('Wyndham', '0000000006', 102, 1, 62.99, 3, TRUE, 'Sea');
			INSERT INTO room_amenities VALUES ('Wyndham', '0000000006', 102, 1, 'TV');
		INSERT INTO room VALUES ('Wyndham', '0000000006', 103, 1, 78.99, 5, TRUE, 'Sea');
			INSERT INTO room_problems_damages VALUES ('Wyndham', '0000000006', 103, 1, 'Roaches');
		INSERT INTO room VALUES ('Wyndham', '0000000006', 104, 1, 84.99, 7, TRUE, 'Sea');
		INSERT INTO room VALUES ('Wyndham', '0000000006', 105, 1, 99.99, 10, TRUE, 'Sea');
	INSERT INTO hotel VALUES ('Wyndham', '0000000007', '1024 Bread Drive', 'Vancouver', 'British Columbia', 'Canada', 'E7E2F6', 5, 5, 'hotel7@wyndham.com', NULL);
	INSERT INTO hotel_phone_numbers VALUES ('Wyndham', '0000000007', '8193233232');
		INSERT INTO room VALUES ('Wyndham', '0000000007', 901, 9, 56.99, 2, TRUE, 'Sea');
			INSERT INTO room_amenities VALUES ('Wyndham', '0000000007', 901, 9, 'TV');
			INSERT INTO room_amenities VALUES ('Wyndham', '0000000007', 901, 9, 'Air Conditioning');
		INSERT INTO room VALUES ('Wyndham', '0000000007', 902, 9, 62.99, 3, TRUE, 'Sea');
			INSERT INTO room_amenities VALUES ('Wyndham', '0000000007', 902, 9, 'TV');
		INSERT INTO room VALUES ('Wyndham', '0000000007', 903, 9, 78.99, 5, TRUE, 'Sea');
			INSERT INTO room_problems_damages VALUES ('Wyndham', '0000000007', 903, 9, 'Roaches');
		INSERT INTO room VALUES ('Wyndham', '0000000007', 904, 9, 84.99, 7, TRUE, 'Sea');
		INSERT INTO room VALUES ('Wyndham', '0000000007', 905, 9, 99.99, 10, TRUE, 'Sea');
	INSERT INTO hotel VALUES ('Wyndham', '0000000008', '1 Luxury Boulevard', 'Tampa', 'Florida', 'United States', '5463728', 5, 5, 'hotel8@wyndham.com', NULL);
	INSERT INTO hotel_phone_numbers VALUES ('Wyndham', '0000000008', '9341231233');
		INSERT INTO room VALUES ('Wyndham', '0000000008', 701, 7, 56.99, 2, TRUE, 'Sea');
			INSERT INTO room_amenities VALUES ('Wyndham', '0000000008', 701, 7, 'TV');
			INSERT INTO room_amenities VALUES ('Wyndham', '0000000008', 701, 7, 'Air Conditioning');
		INSERT INTO room VALUES ('Wyndham', '0000000008', 702, 7, 62.99, 3, TRUE, 'Sea');
			INSERT INTO room_amenities VALUES ('Wyndham', '0000000008', 702, 7, 'TV');
		INSERT INTO room VALUES ('Wyndham', '0000000008', 703, 7, 78.99, 5, TRUE, 'Sea');
			INSERT INTO room_problems_damages VALUES ('Wyndham', '0000000008', 703, 7, 'Roaches');
		INSERT INTO room VALUES ('Wyndham', '0000000008', 704, 7, 84.99, 7, FALSE, 'Sea');
		INSERT INTO room VALUES ('Wyndham', '0000000008', 705, 7, 99.99, 10, TRUE, 'Sea');
INSERT INTO chain VALUES ('Marriott', 8);
INSERT INTO chain_office_addresses VALUES ('Marriott', '2 Headquarters Drive', 'New York City', 'New York', 'United States', '123456');
INSERT INTO chain_phone_numbers VALUES ('Marriott', '3143453456');
INSERT INTO chain_email_addresses VALUES ('Marriott', 'chain@marriott.com');
	INSERT INTO hotel VALUES ('Marriott', '0000000001', '45 Feign Lane', 'Toronto', 'Ontario', 'Canada', 'K1E5P3', 5, 3, 'hotel1@marriott.com', NULL);
	INSERT INTO hotel_phone_numbers VALUES ('Marriott', '0000000001', '6112343567');
		INSERT INTO room VALUES ('Marriott', '0000000001', 301, 3, 56.99, 2, FALSE, 'Sea');
			INSERT INTO room_amenities VALUES ('Marriott', '0000000001', 301, 3, 'TV');
			INSERT INTO room_amenities VALUES ('Marriott', '0000000001', 301, 3, 'Air Conditioning');
		INSERT INTO room VALUES ('Marriott', '0000000001', 302, 3, 62.99, 3, FALSE, 'Sea');
			INSERT INTO room_amenities VALUES ('Marriott', '0000000001', 302, 3, 'TV');
		INSERT INTO room VALUES ('Marriott', '0000000001', 303, 3, 78.99, 5, FALSE, 'Sea');
			INSERT INTO room_problems_damages VALUES ('Marriott', '0000000001', 303, 3, 'Roaches');
		INSERT INTO room VALUES ('Marriott', '0000000001', 304, 3, 84.99, 7, FALSE, 'Sea');
		INSERT INTO room VALUES ('Marriott', '0000000001', 305, 3, 99.99, 10, FALSE, 'Sea');
	INSERT INTO hotel VALUES ('Marriott', '0000000002', '635 Baker Avenue', 'Toronto', 'Ontario', 'Canada', 'L1D2K0', 5, 3, 'hotel2@marriott.com', NULL);
	INSERT INTO hotel_phone_numbers VALUES ('Marriott', '0000000002', '6182343996');
		INSERT INTO room VALUES ('Marriott', '0000000002', 401, 4, 56.99, 2, FALSE, 'Sea');
			INSERT INTO room_amenities VALUES ('Marriott', '0000000002', 401, 4, 'TV');
			INSERT INTO room_amenities VALUES ('Marriott', '0000000002', 401, 4, 'Air Conditioning');
		INSERT INTO room VALUES ('Marriott', '0000000002', 402, 4, 62.99, 3, FALSE, 'Sea');
			INSERT INTO room_amenities VALUES ('Marriott', '0000000002', 402, 4, 'TV');
		INSERT INTO room VALUES ('Marriott', '0000000002', 403, 4, 78.99, 5, FALSE, 'Sea');
			INSERT INTO room_problems_damages VALUES ('Marriott', '0000000002', 403, 4, 'Roaches');
		INSERT INTO room VALUES ('Marriott', '0000000002', 404, 4, 84.99, 7, FALSE, 'Sea');
		INSERT INTO room VALUES ('Marriott', '0000000002', 405, 4, 99.99, 10, FALSE, 'Sea');
	INSERT INTO hotel VALUES ('Marriott', '0000000003', '88 Lawler Road', 'Providence', 'Rhode Island', 'United States', '3927735', 5, 3, 'hotel3@marriott.com', NULL);
	INSERT INTO hotel_phone_numbers VALUES ('Marriott', '0000000003', '1538767362');
		INSERT INTO room VALUES ('Marriott', '0000000003', 201, 2, 56.99, 2, FALSE, 'Mountain');
			INSERT INTO room_amenities VALUES ('Marriott', '0000000003', 201, 2, 'TV');
			INSERT INTO room_amenities VALUES ('Marriott', '0000000003', 201, 2, 'Air Conditioning');
		INSERT INTO room VALUES ('Marriott', '0000000003', 202, 2, 62.99, 3, FALSE, 'Mountain');
			INSERT INTO room_amenities VALUES ('Marriott', '0000000003', 202, 2, 'TV');
		INSERT INTO room VALUES ('Marriott', '0000000003', 203, 2, 78.99, 5, FALSE, 'Mountain');
			INSERT INTO room_problems_damages VALUES ('Marriott', '0000000003', 203, 2, 'Roaches');
		INSERT INTO room VALUES ('Marriott', '0000000003', 204, 2, 84.99, 7, FALSE, 'Mountain');
		INSERT INTO room VALUES ('Marriott', '0000000003', 205, 2, 99.99, 10, FALSE, 'Mountain');
	INSERT INTO hotel VALUES ('Marriott', '0000000004', '48 Privet Drive', 'Chicago', 'Illinois', 'United States', '8390437', 5, 4, 'hotel4@marriott.com', NULL);
	INSERT INTO hotel_phone_numbers VALUES ('Marriott', '0000000004', '1532348765');
		INSERT INTO room VALUES ('Marriott', '0000000004', 201, 2, 56.99, 2, FALSE, 'Sea');
			INSERT INTO room_amenities VALUES ('Marriott', '0000000004', 201, 2, 'TV');
			INSERT INTO room_amenities VALUES ('Marriott', '0000000004', 201, 2, 'Air Conditioning');
		INSERT INTO room VALUES ('Marriott', '0000000004', 202, 2, 62.99, 3, FALSE, 'Sea');
			INSERT INTO room_amenities VALUES ('Marriott', '0000000004', 202, 2, 'TV');
		INSERT INTO room VALUES ('Marriott', '0000000004', 203, 2, 78.99, 5, FALSE, 'Sea');
			INSERT INTO room_problems_damages VALUES ('Marriott', '0000000004', 203, 2, 'Roaches');
		INSERT INTO room VALUES ('Marriott', '0000000004', 204, 2, 84.99, 7, FALSE, 'Sea');
		INSERT INTO room VALUES ('Marriott', '0000000004', 205, 2, 99.99, 10, FALSE, 'Sea');
	INSERT INTO hotel VALUES ('Marriott', '0000000005', '86 Price Boulevard', 'Los Angeles', 'California', 'United States', '1234164', 5, 5, 'hotel5@marriott.com', NULL);
	INSERT INTO hotel_phone_numbers VALUES ('Marriott', '0000000005', '7263112127');
		INSERT INTO room VALUES ('Marriott', '0000000005', 101, 1, 56.99, 2, TRUE, 'Sea');
			INSERT INTO room_amenities VALUES ('Marriott', '0000000005', 101, 1, 'TV');
			INSERT INTO room_amenities VALUES ('Marriott', '0000000005', 101, 1, 'Air Conditioning');
		INSERT INTO room VALUES ('Marriott', '0000000005', 102, 1, 62.99, 3, FALSE, 'Sea');
			INSERT INTO room_amenities VALUES ('Marriott', '0000000005', 102, 1, 'TV');
		INSERT INTO room VALUES ('Marriott', '0000000005', 103, 1, 78.99, 5, TRUE, 'Sea');
			INSERT INTO room_problems_damages VALUES ('Marriott', '0000000005', 103, 1, 'Roaches');
		INSERT INTO room VALUES ('Marriott', '0000000005', 104, 1, 84.99, 7, FALSE, 'Sea');
		INSERT INTO room VALUES ('Marriott', '0000000005', 105, 1, 99.99, 10, TRUE, 'Sea');
	INSERT INTO hotel VALUES ('Marriott', '0000000006', '68 Cash Way', 'Sacramento', 'California', 'United States', '1234344', 5, 5, 'hotel6@marriott.com', NULL);
	INSERT INTO hotel_phone_numbers VALUES ('Marriott', '0000000006', '7266136134');
		INSERT INTO room VALUES ('Marriott', '0000000006', 101, 1, 56.99, 2, TRUE, 'Sea');
			INSERT INTO room_amenities VALUES ('Marriott', '0000000006', 101, 1, 'TV');
			INSERT INTO room_amenities VALUES ('Marriott', '0000000006', 101, 1, 'Air Conditioning');
		INSERT INTO room VALUES ('Marriott', '0000000006', 102, 1, 62.99, 3, TRUE, 'Sea');
			INSERT INTO room_amenities VALUES ('Marriott', '0000000006', 102, 1, 'TV');
		INSERT INTO room VALUES ('Marriott', '0000000006', 103, 1, 78.99, 5, TRUE, 'Sea');
			INSERT INTO room_problems_damages VALUES ('Marriott', '0000000006', 103, 1, 'Roaches');
		INSERT INTO room VALUES ('Marriott', '0000000006', 104, 1, 84.99, 7, TRUE, 'Sea');
		INSERT INTO room VALUES ('Marriott', '0000000006', 105, 1, 99.99, 10, TRUE, 'Sea');
	INSERT INTO hotel VALUES ('Marriott', '0000000007', '2048 Bread Drive', 'Vancouver', 'British Columbia', 'Canada', 'E7F43G3', 5, 5, 'hotel7@marriott.com', NULL);
	INSERT INTO hotel_phone_numbers VALUES ('Marriott', '0000000007', '8192122121');
		INSERT INTO room VALUES ('Marriott', '0000000007', 901, 9, 56.99, 2, TRUE, 'Sea');
			INSERT INTO room_amenities VALUES ('Marriott', '0000000007', 901, 9, 'TV');
			INSERT INTO room_amenities VALUES ('Marriott', '0000000007', 901, 9, 'Air Conditioning');
		INSERT INTO room VALUES ('Marriott', '0000000007', 902, 9, 62.99, 3, TRUE, 'Sea');
			INSERT INTO room_amenities VALUES ('Marriott', '0000000007', 902, 9, 'TV');
		INSERT INTO room VALUES ('Marriott', '0000000007', 903, 9, 78.99, 5, TRUE, 'Sea');
			INSERT INTO room_problems_damages VALUES ('Marriott', '0000000007', 903, 9, 'Roaches');
		INSERT INTO room VALUES ('Marriott', '0000000007', 904, 9, 84.99, 7, TRUE, 'Sea');
		INSERT INTO room VALUES ('Marriott', '0000000007', 905, 9, 99.99, 10, TRUE, 'Sea');
	INSERT INTO hotel VALUES ('Marriott', '0000000008', '2 Luxury Boulevard', 'Tampa', 'Florida', 'United States', '5463729', 5, 5, 'hotel8@marriott.com', NULL);
	INSERT INTO hotel_phone_numbers VALUES ('Marriott', '0000000008', '9341231899');
		INSERT INTO room VALUES ('Marriott', '0000000008', 701, 7, 56.99, 2, TRUE, 'Sea');
			INSERT INTO room_amenities VALUES ('Marriott', '0000000008', 701, 7, 'TV');
			INSERT INTO room_amenities VALUES ('Marriott', '0000000008', 701, 7, 'Air Conditioning');
		INSERT INTO room VALUES ('Marriott', '0000000008', 702, 7, 62.99, 3, TRUE, 'Sea');
			INSERT INTO room_amenities VALUES ('Marriott', '0000000008', 702, 7, 'TV');
		INSERT INTO room VALUES ('Marriott', '0000000008', 703, 7, 78.99, 5, TRUE, 'Sea');
			INSERT INTO room_problems_damages VALUES ('Marriott', '0000000008', 703, 7, 'Roaches');
		INSERT INTO room VALUES ('Marriott', '0000000008', 704, 7, 84.99, 7, FALSE, 'Sea');
		INSERT INTO room VALUES ('Marriott', '0000000008', 705, 7, 99.99, 10, TRUE, 'Sea');
INSERT INTO chain VALUES ('Hilton', 8);
INSERT INTO chain_office_addresses VALUES ('Hilton', '2 Headquarters Drive', 'New York City', 'New York', 'United States', '123456');
INSERT INTO chain_phone_numbers VALUES ('Hilton', '3143453567');
INSERT INTO chain_email_addresses VALUES ('Hilton', 'chain@hilton.com');
	INSERT INTO hotel VALUES ('Hilton', '0000000001', '75 Feign Lane', 'Toronto', 'Ontario', 'Canada', 'K1F5B1', 5, 3, 'hotel1@hilton.com', NULL);
	INSERT INTO hotel_phone_numbers VALUES ('Hilton', '0000000001', '6112343678');
		INSERT INTO room VALUES ('Hilton', '0000000001', 301, 3, 56.99, 2, FALSE, 'Sea');
			INSERT INTO room_amenities VALUES ('Hilton', '0000000001', 301, 3, 'TV');
			INSERT INTO room_amenities VALUES ('Hilton', '0000000001', 301, 3, 'Air Conditioning');
		INSERT INTO room VALUES ('Hilton', '0000000001', 302, 3, 62.99, 3, FALSE, 'Sea');
			INSERT INTO room_amenities VALUES ('Hilton', '0000000001', 302, 3, 'TV');
		INSERT INTO room VALUES ('Hilton', '0000000001', 303, 3, 78.99, 5, FALSE, 'Sea');
			INSERT INTO room_problems_damages VALUES ('Hilton', '0000000001', 303, 3, 'Roaches');
		INSERT INTO room VALUES ('Hilton', '0000000001', 304, 3, 84.99, 7, FALSE, 'Sea');
		INSERT INTO room VALUES ('Hilton', '0000000001', 305, 3, 99.99, 10, FALSE, 'Sea');
	INSERT INTO hotel VALUES ('Hilton', '0000000002', '685 Baker Avenue', 'Toronto', 'Ontario', 'Canada', 'L1G1Z0', 5, 3, 'hotel2@hilton.com', NULL);
	INSERT INTO hotel_phone_numbers VALUES ('Hilton', '0000000002', '6182712996');
		INSERT INTO room VALUES ('Hilton', '0000000002', 401, 4, 56.99, 2, FALSE, 'Sea');
			INSERT INTO room_amenities VALUES ('Hilton', '0000000002', 401, 4, 'TV');
			INSERT INTO room_amenities VALUES ('Hilton', '0000000002', 401, 4, 'Air Conditioning');
		INSERT INTO room VALUES ('Hilton', '0000000002', 402, 4, 62.99, 3, FALSE, 'Sea');
			INSERT INTO room_amenities VALUES ('Hilton', '0000000002', 402, 4, 'TV');
		INSERT INTO room VALUES ('Hilton', '0000000002', 403, 4, 78.99, 5, FALSE, 'Sea');
			INSERT INTO room_problems_damages VALUES ('Hilton', '0000000002', 403, 4, 'Roaches');
		INSERT INTO room VALUES ('Hilton', '0000000002', 404, 4, 84.99, 7, FALSE, 'Sea');
		INSERT INTO room VALUES ('Hilton', '0000000002', 405, 4, 99.99, 10, FALSE, 'Sea');
	INSERT INTO hotel VALUES ('Hilton', '0000000003', '92 Lawler Road', 'Providence', 'Rhode Island', 'United States', '3927621', 5, 3, 'hotel3@hilton.com', NULL);
	INSERT INTO hotel_phone_numbers VALUES ('Hilton', '0000000003', '1538767473');
		INSERT INTO room VALUES ('Hilton', '0000000003', 201, 2, 56.99, 2, FALSE, 'Mountain');
			INSERT INTO room_amenities VALUES ('Hilton', '0000000003', 201, 2, 'TV');
			INSERT INTO room_amenities VALUES ('Hilton', '0000000003', 201, 2, 'Air Conditioning');
		INSERT INTO room VALUES ('Hilton', '0000000003', 202, 2, 62.99, 3, FALSE, 'Mountain');
			INSERT INTO room_amenities VALUES ('Hilton', '0000000003', 202, 2, 'TV');
		INSERT INTO room VALUES ('Hilton', '0000000003', 203, 2, 78.99, 5, FALSE, 'Mountain');
			INSERT INTO room_problems_damages VALUES ('Hilton', '0000000003', 203, 2, 'Roaches');
		INSERT INTO room VALUES ('Hilton', '0000000003', 204, 2, 84.99, 7, FALSE, 'Mountain');
		INSERT INTO room VALUES ('Hilton', '0000000003', 205, 2, 99.99, 10, FALSE, 'Mountain');
	INSERT INTO hotel VALUES ('Hilton', '0000000004', '481 Privet Drive', 'Chicago', 'Illinois', 'United States', '8390548', 5, 4, 'hotel4@hilton.com', NULL);
	INSERT INTO hotel_phone_numbers VALUES ('Hilton', '0000000004', '1531118765');
		INSERT INTO room VALUES ('Hilton', '0000000004', 201, 2, 56.99, 2, FALSE, 'Sea');
			INSERT INTO room_amenities VALUES ('Hilton', '0000000004', 201, 2, 'TV');
			INSERT INTO room_amenities VALUES ('Hilton', '0000000004', 201, 2, 'Air Conditioning');
		INSERT INTO room VALUES ('Hilton', '0000000004', 202, 2, 62.99, 3, FALSE, 'Sea');
			INSERT INTO room_amenities VALUES ('Hilton', '0000000004', 202, 2, 'TV');
		INSERT INTO room VALUES ('Hilton', '0000000004', 203, 2, 78.99, 5, FALSE, 'Sea');
			INSERT INTO room_problems_damages VALUES ('Hilton', '0000000004', 203, 2, 'Roaches');
		INSERT INTO room VALUES ('Hilton', '0000000004', 204, 2, 84.99, 7, FALSE, 'Sea');
		INSERT INTO room VALUES ('Hilton', '0000000004', 205, 2, 99.99, 10, FALSE, 'Sea');
	INSERT INTO hotel VALUES ('Hilton', '0000000005', '88 Price Boulevard', 'Los Angeles', 'California', 'United States', '1214194', 5, 5, 'hotel5@hilton.com', NULL);
	INSERT INTO hotel_phone_numbers VALUES ('Hilton', '0000000005', '7263112189');
		INSERT INTO room VALUES ('Hilton', '0000000005', 101, 1, 56.99, 2, TRUE, 'Sea');
			INSERT INTO room_amenities VALUES ('Hilton', '0000000005', 101, 1, 'TV');
			INSERT INTO room_amenities VALUES ('Hilton', '0000000005', 101, 1, 'Air Conditioning');
		INSERT INTO room VALUES ('Hilton', '0000000005', 102, 1, 62.99, 3, FALSE, 'Sea');
			INSERT INTO room_amenities VALUES ('Hilton', '0000000005', 102, 1, 'TV');
		INSERT INTO room VALUES ('Hilton', '0000000005', 103, 1, 78.99, 5, TRUE, 'Sea');
			INSERT INTO room_problems_damages VALUES ('Hilton', '0000000005', 103, 1, 'Roaches');
		INSERT INTO room VALUES ('Hilton', '0000000005', 104, 1, 84.99, 7, FALSE, 'Sea');
		INSERT INTO room VALUES ('Hilton', '0000000005', 105, 1, 99.99, 10, TRUE, 'Sea');
	INSERT INTO hotel VALUES ('Hilton', '0000000006', '80 Cash Way', 'Sacramento', 'California', 'United States', '1234308', 5, 5, 'hotel6@hilton.com', NULL);
	INSERT INTO hotel_phone_numbers VALUES ('Hilton', '0000000006', '7266136050');
		INSERT INTO room VALUES ('Hilton', '0000000006', 101, 1, 56.99, 2, TRUE, 'Sea');
			INSERT INTO room_amenities VALUES ('Hilton', '0000000006', 101, 1, 'TV');
			INSERT INTO room_amenities VALUES ('Hilton', '0000000006', 101, 1, 'Air Conditioning');
		INSERT INTO room VALUES ('Hilton', '0000000006', 102, 1, 62.99, 3, TRUE, 'Sea');
			INSERT INTO room_amenities VALUES ('Hilton', '0000000006', 102, 1, 'TV');
		INSERT INTO room VALUES ('Hilton', '0000000006', 103, 1, 78.99, 5, TRUE, 'Sea');
			INSERT INTO room_problems_damages VALUES ('Hilton', '0000000006', 103, 1, 'Roaches');
		INSERT INTO room VALUES ('Hilton', '0000000006', 104, 1, 84.99, 7, TRUE, 'Sea');
		INSERT INTO room VALUES ('Hilton', '0000000006', 105, 1, 99.99, 10, TRUE, 'Sea');
	INSERT INTO hotel VALUES ('Hilton', '0000000007', '4096 Bread Drive', 'Vancouver', 'British Columbia', 'Canada', 'A7A43A3', 5, 5, 'hotel7@hilton.com', NULL);
	INSERT INTO hotel_phone_numbers VALUES ('Hilton', '0000000007', '8192122010');
		INSERT INTO room VALUES ('Hilton', '0000000007', 901, 9, 56.99, 2, TRUE, 'Sea');
			INSERT INTO room_amenities VALUES ('Hilton', '0000000007', 901, 9, 'TV');
			INSERT INTO room_amenities VALUES ('Hilton', '0000000007', 901, 9, 'Air Conditioning');
		INSERT INTO room VALUES ('Hilton', '0000000007', 902, 9, 62.99, 3, TRUE, 'Sea');
			INSERT INTO room_amenities VALUES ('Hilton', '0000000007', 902, 9, 'TV');
		INSERT INTO room VALUES ('Hilton', '0000000007', 903, 9, 78.99, 5, TRUE, 'Sea');
			INSERT INTO room_problems_damages VALUES ('Hilton', '0000000007', 903, 9, 'Roaches');
		INSERT INTO room VALUES ('Hilton', '0000000007', 904, 9, 84.99, 7, TRUE, 'Sea');
		INSERT INTO room VALUES ('Hilton', '0000000007', 905, 9, 99.99, 10, TRUE, 'Sea');
	INSERT INTO hotel VALUES ('Hilton', '0000000008', '3 Luxury Boulevard', 'Tampa', 'Florida', 'United States', '5463730', 5, 5, 'hotel8@hilton.com', NULL);
	INSERT INTO hotel_phone_numbers VALUES ('Hilton', '0000000008', '9341231100');
		INSERT INTO room VALUES ('Hilton', '0000000008', 701, 7, 56.99, 2, TRUE, 'Sea');
			INSERT INTO room_amenities VALUES ('Hilton', '0000000008', 701, 7, 'TV');
			INSERT INTO room_amenities VALUES ('Hilton', '0000000008', 701, 7, 'Air Conditioning');
		INSERT INTO room VALUES ('Hilton', '0000000008', 702, 7, 62.99, 3, TRUE, 'Sea');
			INSERT INTO room_amenities VALUES ('Hilton', '0000000008', 702, 7, 'TV');
		INSERT INTO room VALUES ('Hilton', '0000000008', 703, 7, 78.99, 5, TRUE, 'Sea');
			INSERT INTO room_problems_damages VALUES ('Hilton', '0000000008', 703, 7, 'Roaches');
		INSERT INTO room VALUES ('Hilton', '0000000008', 704, 7, 84.99, 7, FALSE, 'Sea');
		INSERT INTO room VALUES ('Hilton', '0000000008', 705, 7, 99.99, 10, TRUE, 'Sea');
INSERT INTO chain VALUES ('Best Western', 8);
INSERT INTO chain_office_addresses VALUES ('Best Western', '4 Headquarters Drive', 'New York City', 'New York', 'United States', '123459');
INSERT INTO chain_phone_numbers VALUES ('Best Western', '3143453678');
INSERT INTO chain_email_addresses VALUES ('Best Western', 'chain@bestwestern.com');
	INSERT INTO hotel VALUES ('Best Western', '0000000001', '86 Feign Lane', 'Toronto', 'Ontario', 'Canada', 'K1T5T1', 5, 3, 'hotel1@bestwestern.com', NULL);
	INSERT INTO hotel_phone_numbers VALUES ('Best Western', '0000000001', '6112343010');
		INSERT INTO room VALUES ('Best Western', '0000000001', 301, 3, 56.99, 2, FALSE, 'Sea');
			INSERT INTO room_amenities VALUES ('Best Western', '0000000001', 301, 3, 'TV');
			INSERT INTO room_amenities VALUES ('Best Western', '0000000001', 301, 3, 'Air Conditioning');
		INSERT INTO room VALUES ('Best Western', '0000000001', 302, 3, 62.99, 3, FALSE, 'Sea');
			INSERT INTO room_amenities VALUES ('Best Western', '0000000001', 302, 3, 'TV');
		INSERT INTO room VALUES ('Best Western', '0000000001', 303, 3, 78.99, 5, FALSE, 'Sea');
			INSERT INTO room_problems_damages VALUES ('Best Western', '0000000001', 303, 3, 'Roaches');
		INSERT INTO room VALUES ('Best Western', '0000000001', 304, 3, 84.99, 7, FALSE, 'Sea');
		INSERT INTO room VALUES ('Best Western', '0000000001', 305, 3, 99.99, 10, FALSE, 'Sea');
	INSERT INTO hotel VALUES ('Best Western', '0000000002', '687 Baker Avenue', 'Toronto', 'Ontario', 'Canada', 'L1Z1G0', 5, 3, 'hotel2@bestwestern.com', NULL);
	INSERT INTO hotel_phone_numbers VALUES ('Best Western', '0000000002', '6182712998');
		INSERT INTO room VALUES ('Best Western', '0000000002', 401, 4, 56.99, 2, FALSE, 'Sea');
			INSERT INTO room_amenities VALUES ('Best Western', '0000000002', 401, 4, 'TV');
			INSERT INTO room_amenities VALUES ('Best Western', '0000000002', 401, 4, 'Air Conditioning');
		INSERT INTO room VALUES ('Best Western', '0000000002', 402, 4, 62.99, 3, FALSE, 'Sea');
			INSERT INTO room_amenities VALUES ('Best Western', '0000000002', 402, 4, 'TV');
		INSERT INTO room VALUES ('Best Western', '0000000002', 403, 4, 78.99, 5, FALSE, 'Sea');
			INSERT INTO room_problems_damages VALUES ('Best Western', '0000000002', 403, 4, 'Roaches');
		INSERT INTO room VALUES ('Best Western', '0000000002', 404, 4, 84.99, 7, FALSE, 'Sea');
		INSERT INTO room VALUES ('Best Western', '0000000002', 405, 4, 99.99, 10, FALSE, 'Sea');
	INSERT INTO hotel VALUES ('Best Western', '0000000003', '122 Lawler Road', 'Providence', 'Rhode Island', 'United States', '3927001', 5, 3, 'hotel3@bestwestern.com', NULL);
	INSERT INTO hotel_phone_numbers VALUES ('Best Western', '0000000003', '1538741473');
		INSERT INTO room VALUES ('Best Western', '0000000003', 201, 2, 56.99, 2, FALSE, 'Mountain');
			INSERT INTO room_amenities VALUES ('Best Western', '0000000003', 201, 2, 'TV');
			INSERT INTO room_amenities VALUES ('Best Western', '0000000003', 201, 2, 'Air Conditioning');
		INSERT INTO room VALUES ('Best Western', '0000000003', 202, 2, 62.99, 3, FALSE, 'Mountain');
			INSERT INTO room_amenities VALUES ('Best Western', '0000000003', 202, 2, 'TV');
		INSERT INTO room VALUES ('Best Western', '0000000003', 203, 2, 78.99, 5, FALSE, 'Mountain');
			INSERT INTO room_problems_damages VALUES ('Best Western', '0000000003', 203, 2, 'Roaches');
		INSERT INTO room VALUES ('Best Western', '0000000003', 204, 2, 84.99, 7, FALSE, 'Mountain');
		INSERT INTO room VALUES ('Best Western', '0000000003', 205, 2, 99.99, 10, FALSE, 'Mountain');
	INSERT INTO hotel VALUES ('Best Western', '0000000004', '484 Privet Drive', 'Chicago', 'Illinois', 'United States', '8390596', 5, 4, 'hotel4@bestwestern.com', NULL);
	INSERT INTO hotel_phone_numbers VALUES ('Best Western', '0000000004', '1531111223');
		INSERT INTO room VALUES ('Best Western', '0000000004', 201, 2, 56.99, 2, FALSE, 'Sea');
			INSERT INTO room_amenities VALUES ('Best Western', '0000000004', 201, 2, 'TV');
			INSERT INTO room_amenities VALUES ('Best Western', '0000000004', 201, 2, 'Air Conditioning');
		INSERT INTO room VALUES ('Best Western', '0000000004', 202, 2, 62.99, 3, FALSE, 'Sea');
			INSERT INTO room_amenities VALUES ('Best Western', '0000000004', 202, 2, 'TV');
		INSERT INTO room VALUES ('Best Western', '0000000004', 203, 2, 78.99, 5, FALSE, 'Sea');
			INSERT INTO room_problems_damages VALUES ('Best Western', '0000000004', 203, 2, 'Roaches');
		INSERT INTO room VALUES ('Best Western', '0000000004', 204, 2, 84.99, 7, FALSE, 'Sea');
		INSERT INTO room VALUES ('Best Western', '0000000004', 205, 2, 99.99, 10, FALSE, 'Sea');
	INSERT INTO hotel VALUES ('Best Western', '0000000005', '100 Price Boulevard', 'Los Angeles', 'California', 'United States', '1214197', 5, 5, 'hotel5@bestwestern.com', NULL);
	INSERT INTO hotel_phone_numbers VALUES ('Best Western', '0000000005', '7263112239');
		INSERT INTO room VALUES ('Best Western', '0000000005', 101, 1, 56.99, 2, TRUE, 'Sea');
			INSERT INTO room_amenities VALUES ('Best Western', '0000000005', 101, 1, 'TV');
			INSERT INTO room_amenities VALUES ('Best Western', '0000000005', 101, 1, 'Air Conditioning');
		INSERT INTO room VALUES ('Best Western', '0000000005', 102, 1, 62.99, 3, FALSE, 'Sea');
			INSERT INTO room_amenities VALUES ('Best Western', '0000000005', 102, 1, 'TV');
		INSERT INTO room VALUES ('Best Western', '0000000005', 103, 1, 78.99, 5, TRUE, 'Sea');
			INSERT INTO room_problems_damages VALUES ('Best Western', '0000000005', 103, 1, 'Roaches');
		INSERT INTO room VALUES ('Best Western', '0000000005', 104, 1, 84.99, 7, FALSE, 'Sea');
		INSERT INTO room VALUES ('Best Western', '0000000005', 105, 1, 99.99, 10, TRUE, 'Sea');
	INSERT INTO hotel VALUES ('Best Western', '0000000006', '95 Cash Way', 'Sacramento', 'California', 'United States', '1230001', 5, 5, 'hotel6@bestwestern.com', NULL);
	INSERT INTO hotel_phone_numbers VALUES ('Best Western', '0000000006', '7266136240');
		INSERT INTO room VALUES ('Best Western', '0000000006', 101, 1, 56.99, 2, TRUE, 'Sea');
			INSERT INTO room_amenities VALUES ('Best Western', '0000000006', 101, 1, 'TV');
			INSERT INTO room_amenities VALUES ('Best Western', '0000000006', 101, 1, 'Air Conditioning');
		INSERT INTO room VALUES ('Best Western', '0000000006', 102, 1, 62.99, 3, TRUE, 'Sea');
			INSERT INTO room_amenities VALUES ('Best Western', '0000000006', 102, 1, 'TV');
		INSERT INTO room VALUES ('Best Western', '0000000006', 103, 1, 78.99, 5, TRUE, 'Sea');
			INSERT INTO room_problems_damages VALUES ('Best Western', '0000000006', 103, 1, 'Roaches');
		INSERT INTO room VALUES ('Best Western', '0000000006', 104, 1, 84.99, 7, TRUE, 'Sea');
		INSERT INTO room VALUES ('Best Western', '0000000006', 105, 1, 99.99, 10, TRUE, 'Sea');
	INSERT INTO hotel VALUES ('Best Western', '0000000007', '8192 Bread Drive', 'Vancouver', 'British Columbia', 'Canada', 'B7B43B3', 5, 5, 'hotel7@bestwestern.com', NULL);
	INSERT INTO hotel_phone_numbers VALUES ('Best Western', '0000000007', '8192199010');
		INSERT INTO room VALUES ('Best Western', '0000000007', 901, 9, 56.99, 2, TRUE, 'Sea');
			INSERT INTO room_amenities VALUES ('Best Western', '0000000007', 901, 9, 'TV');
			INSERT INTO room_amenities VALUES ('Best Western', '0000000007', 901, 9, 'Air Conditioning');
		INSERT INTO room VALUES ('Best Western', '0000000007', 902, 9, 62.99, 3, TRUE, 'Sea');
			INSERT INTO room_amenities VALUES ('Best Western', '0000000007', 902, 9, 'TV');
		INSERT INTO room VALUES ('Best Western', '0000000007', 903, 9, 78.99, 5, TRUE, 'Sea');
			INSERT INTO room_problems_damages VALUES ('Best Western', '0000000007', 903, 9, 'Roaches');
		INSERT INTO room VALUES ('Best Western', '0000000007', 904, 9, 84.99, 7, TRUE, 'Sea');
		INSERT INTO room VALUES ('Best Western', '0000000007', 905, 9, 99.99, 10, TRUE, 'Sea');
	INSERT INTO hotel VALUES ('Best Western', '0000000008', '4 Luxury Boulevard', 'Tampa', 'Florida', 'United States', '5463321', 5, 5, 'hotel8@bestwestern.com', NULL);
	INSERT INTO hotel_phone_numbers VALUES ('Best Western', '0000000008', '9341231010');
		INSERT INTO room VALUES ('Best Western', '0000000008', 701, 7, 56.99, 2, TRUE, 'Sea');
			INSERT INTO room_amenities VALUES ('Best Western', '0000000008', 701, 7, 'TV');
			INSERT INTO room_amenities VALUES ('Best Western', '0000000008', 701, 7, 'Air Conditioning');
		INSERT INTO room VALUES ('Best Western', '0000000008', 702, 7, 62.99, 3, TRUE, 'Sea');
			INSERT INTO room_amenities VALUES ('Best Western', '0000000008', 702, 7, 'TV');
		INSERT INTO room VALUES ('Best Western', '0000000008', 703, 7, 78.99, 5, TRUE, 'Sea');
			INSERT INTO room_problems_damages VALUES ('Best Western', '0000000008', 703, 7, 'Roaches');
		INSERT INTO room VALUES ('Best Western', '0000000008', 704, 7, 84.99, 7, FALSE, 'Sea');
		INSERT INTO room VALUES ('Best Western', '0000000008', 705, 7, 99.99, 10, TRUE, 'Sea');
INSERT INTO chain VALUES ('Choice', 8);
INSERT INTO chain_office_addresses VALUES ('Choice', '5 Headquarters Drive', 'New York City', 'New York', 'United States', '123460');
INSERT INTO chain_phone_numbers VALUES ('Choice', '3143453789');
INSERT INTO chain_email_addresses VALUES ('Choice', 'chain@choice.com');
	INSERT INTO hotel VALUES ('Choice', '0000000001', '99 Feign Lane', 'Toronto', 'Ontario', 'Canada', 'K1Q5Q4', 5, 3, 'hotel1@choice.com', NULL);
	INSERT INTO hotel_phone_numbers VALUES ('Choice', '0000000001', '6112349090');
		INSERT INTO room VALUES ('Choice', '0000000001', 301, 3, 56.99, 2, FALSE, 'Sea');
			INSERT INTO room_amenities VALUES ('Choice', '0000000001', 301, 3, 'TV');
			INSERT INTO room_amenities VALUES ('Choice', '0000000001', 301, 3, 'Air Conditioning');
		INSERT INTO room VALUES ('Choice', '0000000001', 302, 3, 62.99, 3, FALSE, 'Sea');
			INSERT INTO room_amenities VALUES ('Choice', '0000000001', 302, 3, 'TV');
		INSERT INTO room VALUES ('Choice', '0000000001', 303, 3, 78.99, 5, FALSE, 'Sea');
			INSERT INTO room_problems_damages VALUES ('Choice', '0000000001', 303, 3, 'Roaches');
		INSERT INTO room VALUES ('Choice', '0000000001', 304, 3, 84.99, 7, FALSE, 'Sea');
		INSERT INTO room VALUES ('Choice', '0000000001', 305, 3, 99.99, 10, FALSE, 'Sea');
	INSERT INTO hotel VALUES ('Choice', '0000000002', '987 Baker Avenue', 'Toronto', 'Ontario', 'Canada', 'L1Y1X0', 5, 3, 'hotel2@choice.com', NULL);
	INSERT INTO hotel_phone_numbers VALUES ('Choice', '0000000002', '6182710098');
		INSERT INTO room VALUES ('Choice', '0000000002', 401, 4, 56.99, 2, FALSE, 'Sea');
			INSERT INTO room_amenities VALUES ('Choice', '0000000002', 401, 4, 'TV');
			INSERT INTO room_amenities VALUES ('Choice', '0000000002', 401, 4, 'Air Conditioning');
		INSERT INTO room VALUES ('Choice', '0000000002', 402, 4, 62.99, 3, FALSE, 'Sea');
			INSERT INTO room_amenities VALUES ('Choice', '0000000002', 402, 4, 'TV');
		INSERT INTO room VALUES ('Choice', '0000000002', 403, 4, 78.99, 5, FALSE, 'Sea');
			INSERT INTO room_problems_damages VALUES ('Choice', '0000000002', 403, 4, 'Roaches');
		INSERT INTO room VALUES ('Choice', '0000000002', 404, 4, 84.99, 7, FALSE, 'Sea');
		INSERT INTO room VALUES ('Choice', '0000000002', 405, 4, 99.99, 10, FALSE, 'Sea');
	INSERT INTO hotel VALUES ('Choice', '0000000003', '138 Lawler Road', 'Providence', 'Rhode Island', 'United States', '3949001', 5, 3, 'hotel3@choice.com', NULL);
	INSERT INTO hotel_phone_numbers VALUES ('Choice', '0000000003', '1538742422');
		INSERT INTO room VALUES ('Choice', '0000000003', 201, 2, 56.99, 2, FALSE, 'Mountain');
			INSERT INTO room_amenities VALUES ('Choice', '0000000003', 201, 2, 'TV');
			INSERT INTO room_amenities VALUES ('Choice', '0000000003', 201, 2, 'Air Conditioning');
		INSERT INTO room VALUES ('Choice', '0000000003', 202, 2, 62.99, 3, FALSE, 'Mountain');
			INSERT INTO room_amenities VALUES ('Choice', '0000000003', 202, 2, 'TV');
		INSERT INTO room VALUES ('Choice', '0000000003', 203, 2, 78.99, 5, FALSE, 'Mountain');
			INSERT INTO room_problems_damages VALUES ('Choice', '0000000003', 203, 2, 'Roaches');
		INSERT INTO room VALUES ('Choice', '0000000003', 204, 2, 84.99, 7, FALSE, 'Mountain');
		INSERT INTO room VALUES ('Choice', '0000000003', 205, 2, 99.99, 10, FALSE, 'Mountain');
	INSERT INTO hotel VALUES ('Choice', '0000000004', '611 Privet Drive', 'Chicago', 'Illinois', 'United States', '8391642', 5, 4, 'hotel4@choice.com', NULL);
	INSERT INTO hotel_phone_numbers VALUES ('Choice', '0000000004', '1531111909');
		INSERT INTO room VALUES ('Choice', '0000000004', 201, 2, 56.99, 2, FALSE, 'Sea');
			INSERT INTO room_amenities VALUES ('Choice', '0000000004', 201, 2, 'TV');
			INSERT INTO room_amenities VALUES ('Choice', '0000000004', 201, 2, 'Air Conditioning');
		INSERT INTO room VALUES ('Choice', '0000000004', 202, 2, 62.99, 3, FALSE, 'Sea');
			INSERT INTO room_amenities VALUES ('Choice', '0000000004', 202, 2, 'TV');
		INSERT INTO room VALUES ('Choice', '0000000004', 203, 2, 78.99, 5, FALSE, 'Sea');
			INSERT INTO room_problems_damages VALUES ('Choice', '0000000004', 203, 2, 'Roaches');
		INSERT INTO room VALUES ('Choice', '0000000004', 204, 2, 84.99, 7, FALSE, 'Sea');
		INSERT INTO room VALUES ('Choice', '0000000004', 205, 2, 99.99, 10, FALSE, 'Sea');
	INSERT INTO hotel VALUES ('Choice', '0000000005', '1000 Price Boulevard', 'Los Angeles', 'California', 'United States', '1214777', 5, 5, 'hotel5@choice.com', NULL);
	INSERT INTO hotel_phone_numbers VALUES ('Choice', '0000000005', '7263114321');
		INSERT INTO room VALUES ('Choice', '0000000005', 101, 1, 56.99, 2, TRUE, 'Sea');
			INSERT INTO room_amenities VALUES ('Choice', '0000000005', 101, 1, 'TV');
			INSERT INTO room_amenities VALUES ('Choice', '0000000005', 101, 1, 'Air Conditioning');
		INSERT INTO room VALUES ('Choice', '0000000005', 102, 1, 62.99, 3, FALSE, 'Sea');
			INSERT INTO room_amenities VALUES ('Choice', '0000000005', 102, 1, 'TV');
		INSERT INTO room VALUES ('Choice', '0000000005', 103, 1, 78.99, 5, TRUE, 'Sea');
			INSERT INTO room_problems_damages VALUES ('Choice', '0000000005', 103, 1, 'Roaches');
		INSERT INTO room VALUES ('Choice', '0000000005', 104, 1, 84.99, 7, FALSE, 'Sea');
		INSERT INTO room VALUES ('Choice', '0000000005', 105, 1, 99.99, 10, TRUE, 'Sea');
	INSERT INTO hotel VALUES ('Choice', '0000000006', '7 Cash Way', 'Sacramento', 'California', 'United States', '1230441', 5, 5, 'hotel6@choice.com', NULL);
	INSERT INTO hotel_phone_numbers VALUES ('Choice', '0000000006', '7266136357');
		INSERT INTO room VALUES ('Choice', '0000000006', 101, 1, 56.99, 2, TRUE, 'Sea');
			INSERT INTO room_amenities VALUES ('Choice', '0000000006', 101, 1, 'TV');
			INSERT INTO room_amenities VALUES ('Choice', '0000000006', 101, 1, 'Air Conditioning');
		INSERT INTO room VALUES ('Choice', '0000000006', 102, 1, 62.99, 3, TRUE, 'Sea');
			INSERT INTO room_amenities VALUES ('Choice', '0000000006', 102, 1, 'TV');
		INSERT INTO room VALUES ('Choice', '0000000006', 103, 1, 78.99, 5, TRUE, 'Sea');
			INSERT INTO room_problems_damages VALUES ('Choice', '0000000006', 103, 1, 'Roaches');
		INSERT INTO room VALUES ('Choice', '0000000006', 104, 1, 84.99, 7, TRUE, 'Sea');
		INSERT INTO room VALUES ('Choice', '0000000006', 105, 1, 99.99, 10, TRUE, 'Sea');
	INSERT INTO hotel VALUES ('Choice', '0000000007', '512 Bread Drive', 'Vancouver', 'British Columbia', 'Canada', 'C7C43D3', 5, 5, 'hotel7@choice.com', NULL);
	INSERT INTO hotel_phone_numbers VALUES ('Choice', '0000000007', '8192155555');
		INSERT INTO room VALUES ('Choice', '0000000007', 901, 9, 56.99, 2, TRUE, 'Sea');
			INSERT INTO room_amenities VALUES ('Choice', '0000000007', 901, 9, 'TV');
			INSERT INTO room_amenities VALUES ('Choice', '0000000007', 901, 9, 'Air Conditioning');
		INSERT INTO room VALUES ('Choice', '0000000007', 902, 9, 62.99, 3, TRUE, 'Sea');
			INSERT INTO room_amenities VALUES ('Choice', '0000000007', 902, 9, 'TV');
		INSERT INTO room VALUES ('Choice', '0000000007', 903, 9, 78.99, 5, TRUE, 'Sea');
			INSERT INTO room_problems_damages VALUES ('Choice', '0000000007', 903, 9, 'Roaches');
		INSERT INTO room VALUES ('Choice', '0000000007', 904, 9, 84.99, 7, TRUE, 'Sea');
		INSERT INTO room VALUES ('Choice', '0000000007', 905, 9, 99.99, 10, TRUE, 'Sea');
	INSERT INTO hotel VALUES ('Choice', '0000000008', '5 Luxury Boulevard', 'Tampa', 'Florida', 'United States', '5463346', 5, 5, 'hotel8@choice.com', NULL);
	INSERT INTO hotel_phone_numbers VALUES ('Choice', '0000000008', '9340101010');
		INSERT INTO room VALUES ('Choice', '0000000008', 701, 7, 56.99, 2, TRUE, 'Sea');
			INSERT INTO room_amenities VALUES ('Choice', '0000000008', 701, 7, 'TV');
			INSERT INTO room_amenities VALUES ('Choice', '0000000008', 701, 7, 'Air Conditioning');
		INSERT INTO room VALUES ('Choice', '0000000008', 702, 7, 62.99, 3, TRUE, 'Sea');
			INSERT INTO room_amenities VALUES ('Choice', '0000000008', 702, 7, 'TV');
		INSERT INTO room VALUES ('Choice', '0000000008', 703, 7, 78.99, 5, TRUE, 'Sea');
			INSERT INTO room_problems_damages VALUES ('Choice', '0000000008', 703, 7, 'Roaches');
		INSERT INTO room VALUES ('Choice', '0000000008', 704, 7, 84.99, 7, FALSE, 'Sea');
		INSERT INTO room VALUES ('Choice', '0000000008', 705, 7, 99.99, 10, TRUE, 'Sea');
